---------------------------------------------
--Insertando registros en la Base de datos--
---------------------------------------------


--Insertar los siguientes registros en la tabla PERSONA y confirmar cada transacci6n.

INSERT  INTO PERSONA (DNIPER,NOMPER,APEPER,EMAPER,CELPER,TIPPER,FECNACPER) 
    VALUES ('77889955','Alberto','Solano Pariona','alberto.pariona@empresa.com','998456321','V','10/2/1970');
INSERT  INTO PERSONA (DNIPER,NOMPER,APEPER,EMAPER,CELPER,TIPPER,FECNACPER) 
    VALUES ('45781233','Alicia','Garcia Campos','alicia.garcia@gmail.com','929185236','C','20/3/1980');
INSERT INTO PERSONA (DNIPER,NOMPER,APEPER,EMAPER,CELPER,TIPPER,FECNACPER) 
    VALUES ('15487922','Juana','Avila Chumpitaz','juana.avila@gmail.com','923568741','C','6/6/1986');
INSERT INTO PERSONA (DNIPER,NOMPER,APEPER,EMAPER,CELPER,TIPPER,FECNACPER) 
    VALUES ('22116633','Ana','Enriquez Flores','ana.enriquez@empresa.com','978848551','V','10/2/1970');
INSERT INTO PERSONA (DNIPER,NOMPER,APEPER,EMAPER,CELPER,TIPPER,FECNACPER) 
    VALUES ('88741589','Claudia','Perales Ortiz','claudia.perales@yahoo.com','997845263','C','25/7/1981');
INSERT INTO PERSONA (DNIPER,NOMPER,APEPER,EMAPER,CELPER,TIPPER,FECNACPER) 
    VALUES ('45122587','Mario','Barrios Martinez','mario.barrios@outlook.com','986525874','C','10/10/1987');
INSERT INTO PERSONA (DNIPER,NOMPER,APEPER,EMAPER,CELPER,TIPPER,FECNACPER) 
    VALUES ('15258564','Brunela','Tarazona Guerra','brunela.tarazona@gmail.com','986525877','C','6/6/1990');
INSERT INTO PERSONA (DNIPER,NOMPER,APEPER,EMAPER,CELPER,TIPPER,FECNACPER) 
    VALUES ('47142536','Alejandro','Jimenez Huapaya','null','941525365','C','01/06/1989');
INSERT INTO PERSONA (DNIPER,NOMPER,APEPER,EMAPER,CELPER,TIPPER,FECNACPER) 
    VALUES ('15352585','Claudia ',' Marquez Litano','claudia.marquez@gmail.com','85814723','C','20/11/1991');
INSERT INTO PERSONA (DNIPER,NOMPER,APEPER,EMAPER,CELPER,TIPPER,FECNACPER) 
    VALUES ('45772587','Mario','Rodriguez Mayo','mario.rodriguez@outlook.com ','912662587','C','20/11/1987');
INSERT INTO PERSONA (DNIPER,NOMPER,APEPER,EMAPER,CELPER,TIPPER,FECNACPER) 
    VALUES ('87952514','Luisa','Guerra Ibarra','luisa.guerra@yahoo.com ','974422136','C',' 21/12/1988');
INSERT INTO PERSONA (DNIPER,NOMPER,APEPER,EMAPER,CELPER,TIPPER,FECNACPER) 
    VALUES ('74142585','Pedro  Alberto ','Candela Valenzuela',' pedro.candela@gmail.com','94148525','C','30/06/1995');
INSERT INTO PERSONA (DNIPER,NOMPER,APEPER,EMAPER,CELPER,TIPPER,FECNACPER) 
    VALUES ('53298147','Angel Manuel',' Rojas Avila ',' angel.rojas@outlook.com','null','C',' 02/03/1975');
INSERT INTO PERSONA (DNIPER,NOMPER,APEPER,EMAPER,CELPER,TIPPER,FECNACPER) 
    VALUES ('11453265','Hilario Fabiano','  Avila Huapaya ','null','985514326','C','02/08/2000');
INSERT INTO PERSONA (DNIPER,NOMPER,APEPER,EMAPER,CELPER,TIPPER,FECNACPER) 
    VALUES ('75747218','Octavio Adan','Marquez Osorio','octavio.marquez@yahoo.es ','966223141','c','22/09/2000');
INSERT INTO PERSONA (DNIPER,NOMPER,APEPER,EMAPER,CELPER,TIPPER,FECNACPER) 
    VALUES ('55869321','Manolo Enrique ','Vasquez Saravia',' manolo.vasquez@outlook.es','966223141','C','22/09/2000');
INSERT INTO PERSONA (DNIPER,NOMPER,APEPER,EMAPER,CELPER,TIPPER,FECNACPER) 
    VALUES ('41552567',' Genoveva','Orstiz Quispe','  genoveva.ortiz@outlook.es ','92564137','C','12/04/2003');
INSERT INTO PERSONA (DNIPER,NOMPER,APEPER,EMAPER,CELPER,TIPPER,FECNACPER) 
    VALUES ('49985471','Oscar César',' Quiroz Zavala','null','988223145','C','12/10/2004');
INSERT INTO PERSONA (DNIPER,NOMPER,APEPER,EMAPER,CELPER,TIPPER,FECNACPER) 
    VALUES ('44992217','Veronica','Romero Vargas',' veronica.romero@yahoo.com','null','C','25/08/2002');
    
COMMIT;

SELECT * FROM PERSONA;

--Insertar registro en la tabla categoria
INSERT INTO CATEGORIA(NOMCAT) 
    VALUES('Abarrotes');
INSERT INTO CATEGORIA(NOMCAT) 
    VALUES('Carnes y Pollo');
INSERT INTO CATEGORIA(NOMCAT) 
    VALUES('Higiene y Limpieza');
INSERT INTO CATEGORIA(NOMCAT) 
    VALUES('Bebidas y licores');
INSERT INTO CATEGORIA(NOMCAT) 
    VALUES('Dulces y snacks');
INSERT INTO CATEGORIA(NOMCAT) 
    VALUES('Electrodomesticos');
COMMIT;

SELECT * FROM CATEGORIA;

--Insertar registro en la tabla producto
INSERT INTO PRODUCTO(CODPROD,NOMPROD,PREPRO,STOCKPRO,IDCATPRO) 
    VALUES('P01','Arroz',4.65,50,10);
INSERT INTO PRODUCTO(CODPROD,NOMPROD,PREPRO,STOCKPRO,IDCATPRO) 
    VALUES('P02','Azucar',3.45,60,10);
INSERT INTO PRODUCTO(CODPROD,NOMPROD,PREPRO,STOCKPRO,IDCATPRO) 
    VALUES('P03','Pollo fresco',8.70,20,20);
INSERT INTO PRODUCTO(CODPROD,NOMPROD,PREPRO,STOCKPRO,IDCATPRO) 
    VALUES('P04','Lomo dino',18.50,40,20);
INSERT INTO PRODUCTO(CODPROD,NOMPROD,PREPRO,STOCKPRO,IDCATPRO) 
    VALUES('P05','Detergente Opal',8.75,60,30);
INSERT INTO PRODUCTO(CODPROD,NOMPROD,PREPRO,STOCKPRO,IDCATPRO)  
    VALUES ('P06','Suavizante Ariel',7.85,'30','30');
INSERT INTO PRODUCTO(CODPROD,NOMPROD,PREPRO,STOCKPRO,IDCATPRO)  
    VALUES ('P07','Six pack cerveza en lata',19.85,'150','30');
INSERT INTO PRODUCTO(CODPROD,NOMPROD,PREPRO,STOCKPRO,IDCATPRO) 
    VALUES ('P08','Pack Johnnie Walkeren Black',119.75,'150','40');
INSERT INTO PRODUCTO(CODPROD,NOMPROD,PREPRO,STOCKPRO,IDCATPRO) 
    VALUES ('P09','Ron Barceló gran añejo',68.95,'150','40');
INSERT INTO PRODUCTO(CODPROD,NOMPROD,PREPRO,STOCKPRO,IDCATPRO) 
    VALUES ('P10','Six pack cerveza en lata',25.55,'50','20');
INSERT INTO PRODUCTO(CODPROD,NOMPROD,PREPRO,STOCKPRO,IDCATPRO) 
    VALUES ('P11','Deditos de pechuga de pollo',12.75,'120','20');
INSERT INTO PRODUCTO(CODPROD,NOMPROD,PREPRO,STOCKPRO,IDCATPRO) 
    VALUES ('P12','Hamburguesa premium parrillera',28.75,'150','20');
INSERT INTO PRODUCTO(CODPROD,NOMPROD,PREPRO,STOCKPRO,IDCATPRO) 
    VALUES ('P13','Nugget de pollo',10.9,'100','20');
INSERT INTO PRODUCTO(CODPROD,NOMPROD,PREPRO,STOCKPRO,IDCATPRO) 
    VALUES ('P14','Tiras de pechuga de pollo',13.5,'250','20');
INSERT INTO PRODUCTO(CODPROD,NOMPROD,PREPRO,STOCKPRO,IDCATPRO) 
    VALUES ('P15','Galletas Oreo',6.88,'50','50');
INSERT INTO PRODUCTO(CODPROD,NOMPROD,PREPRO,STOCKPRO,IDCATPRO) 
    VALUES ('P16','Galleta Choco Donuts',4.9,'90','50');
INSERT INTO PRODUCTO(CODPROD,NOMPROD,PREPRO,STOCKPRO,IDCATPRO) 
    VALUES ('P17','Huevo de pascua',3.4,'70','50');
INSERT INTO PRODUCTO(CODPROD,NOMPROD,PREPRO,STOCKPRO,IDCATPRO) 
    VALUES ('P18','Bombones de chocolate',35.9,'100','50');
INSERT INTO PRODUCTO(CODPROD,NOMPROD,PREPRO,STOCKPRO,IDCATPRO) 
    VALUES ('P19','Detergente en polvo opal 6KG',50.25,'250','30');
INSERT INTO PRODUCTO(CODPROD,NOMPROD,PREPRO,STOCKPRO,IDCATPRO) 
    VALUES ('P20','Detergente Marsella Aromaterapia 4KG',46.1,'150','30');
INSERT INTO PRODUCTO(CODPROD,NOMPROD,PREPRO,STOCKPRO,IDCATPRO) 
    VALUES ('P21','Detergente liquido aroma bebe 5L',83.85,'200','30');
INSERT INTO PRODUCTO(CODPROD,NOMPROD,PREPRO,STOCKPRO,IDCATPRO) 
    VALUES ('P22','Jabon para lavar Caricia 200G.',7.75,'90','30');
INSERT INTO PRODUCTO(CODPROD,NOMPROD,PREPRO,STOCKPRO,IDCATPRO) 
    VALUES ('P23','Lejía tradicional 18KG',24.75,'200','30');
INSERT INTO PRODUCTO(CODPROD,NOMPROD,PREPRO,STOCKPRO,IDCATPRO) 
    VALUES ('P24','Jabon para lavar - Bolívar',6.8,'100','30');
INSERT INTO PRODUCTO(CODPROD,NOMPROD,PREPRO,STOCKPRO,IDCATPRO) 
    VALUES ('P25','Pack de menestras de lenteja',14.5,'120','10');
INSERT INTO PRODUCTO(CODPROD,NOMPROD,PREPRO,STOCKPRO,IDCATPRO) 
    VALUES ('P26','Mayonesa Alacena 850GR.',16.9,'90','10');
INSERT INTO PRODUCTO(CODPROD,NOMPROD,PREPRO,STOCKPRO,IDCATPRO) 
    VALUES ('P27','Aceite de oliva extra virgen',32.5,'145','10');
INSERT INTO PRODUCTO(CODPROD,NOMPROD,PREPRO,STOCKPRO,IDCATPRO) 
    VALUES ('P28','Fideos tallarín 500G',3.9,'45','10');
INSERT INTO PRODUCTO(CODPROD,NOMPROD,PREPRO,STOCKPRO,IDCATPRO) 
    VALUES ('P29','Cremas de avellanas con cacao',7.8,'200','10');
INSERT INTO PRODUCTO(CODPROD,NOMPROD,PREPRO,STOCKPRO,IDCATPRO) 
    VALUES ('P30','Harina de trigo sin preparar',8.1,'100','10');
INSERT INTO PRODUCTO(CODPROD,NOMPROD,PREPRO,STOCKPRO,IDCATPRO) 
    VALUES ('P31','Maicena Universal 180GR',2.9,'85','10');
INSERT INTO PRODUCTO(CODPROD,NOMPROD,PREPRO,STOCKPRO,IDCATPRO) 
    VALUES ('P32','Harina de maiz blanco',10.5,'100','10');
INSERT INTO PRODUCTO(CODPROD,NOMPROD,PREPRO,STOCKPRO,IDCATPRO) 
    VALUES ('P33','Leche condensada nestlé',6.2,'135','10');
INSERT INTO PRODUCTO(CODPROD,NOMPROD,PREPRO,STOCKPRO,IDCATPRO) 
    VALUES ('P34','Duraznos en almíbar',13.6,'180','10');
INSERT INTO PRODUCTO(CODPROD,NOMPROD,PREPRO,STOCKPRO,IDCATPRO) 
    VALUES ('P35','Chicharrón de cerdo',29.5,'165','20');
INSERT INTO PRODUCTO(CODPROD,NOMPROD,PREPRO,STOCKPRO,IDCATPRO) 
    VALUES ('P36','Apanado de pollo',37.95,'130','20');
INSERT INTO PRODUCTO(CODPROD,NOMPROD,PREPRO,STOCKPRO,IDCATPRO) 
    VALUES ('P37','Sopa de carne',9.6,'170','20');
COMMIT;

SELECT * FROM PRODUCTO;

--Insertar registro en la tabla venta
INSERT INTO VENTA(IDVEND,IDCLI,TIPPAGVEN) 
    VALUES(200,202,'E');
INSERT INTO VENTA(IDVEND,IDCLI,TIPPAGVEN) 
    VALUES(200,204,'T');
INSERT INTO VENTA(IDVEND,IDCLI,TIPPAGVEN) 
    VALUES(203,205,'T');
INSERT INTO VENTA(IDVEND,IDCLI,TIPPAGVEN) 
    VALUES(203,206,'E');
COMMIT;


--Insertar registro en la tabla Venta detalle
INSERT INTO VENTA_DETALLE(IDVEN,CODPROD,CANVENDET) 
    VALUES(1,'P01',2);
INSERT INTO VENTA_DETALLE(IDVEN,CODPROD,CANVENDET) 
    VALUES(1,'P04',4);
INSERT INTO VENTA_DETALLE(IDVEN,CODPROD,CANVENDET) 
    VALUES(2,'P06',12);
INSERT INTO VENTA_DETALLE(IDVEN,CODPROD,CANVENDET) 
    VALUES(2,'P08',6);
INSERT INTO VENTA_DETALLE(IDVEN,CODPROD,CANVENDET) 
    VALUES(2,'P11',16);
INSERT INTO VENTA_DETALLE(IDVEN,CODPROD,CANVENDET) 
    VALUES(3,'P15',8);
INSERT INTO VENTA_DETALLE(IDVEN,CODPROD,CANVENDET) 
    VALUES(4,'P09',5);
INSERT INTO VENTA_DETALLE(IDVEN,CODPROD,CANVENDET) 
    VALUES(4,'P14',13);
INSERT INTO VENTA_DETALLE(IDVEN,CODPROD,CANVENDET) 
    VALUES(4,'P20',10);
INSERT INTO VENTA_DETALLE(IDVEN,CODPROD,CANVENDET) 
    VALUES(4,'P21',13);

COMMIT;
 


--ACTIVIDAD 1--
alter SESSION set nls_date_format='DD/MM/YYYY HH24:MI:SS';
--REGISTRO DE LAS TABLAS



--9 Actualizar el número de celular de Mario Rodríguez Martínez por el número 922881101.
UPDATE PERSONA
SET CELPER = '922881101'
WHERE DNIPER= '27952514';

--10 El cliente de DNI 53298147 ya cuenta con número de celular es: 977226604
UPDATE PERSONA
SET CELPER = '977226604'
WHERE DNIPER= '53298147'; 

--11 Eliminar lógicamente los clientes cuyo DNI son: 11453265, 15487922 y 49985471
UPDATE PERSONA
SET ESTPER = 'I'
WHERE DNIPER = '11453265';

UPDATE PERSONA
SET ESTPER = 'I'
WHERE DNIPER = '49985471';

UPDATE PERSONA
SET ESTPER = 'I'
WHERE DNIPER = '15487922';

SELECT * FROM PERSONA WHERE DNIPER = '15487922' OR DNIPER = '49985471' OR DNIPER = '11453265';

--12 Los clientes cuyos DNI son: 87952514, 55869321 y 74142585 han perdido su celular por tanto debe estar en blanco.
UPDATE PERSONA
SET CELPER = 'null'
WHERE DNIPER= '87952514';

UPDATE PERSONA
SET CELPER = 'null'
WHERE DNIPER= '55869321';

UPDATE PERSONA
SET CELPER = 'null'
WHERE DNIPER= '74142585';

SELECT * FROM PERSONA WHERE DNIPER = '87952514' OR DNIPER = '55869321' OR DNIPER = '74142585';

--13 El cliente Oscar César Quiroz Zavala será reactivado y debemos actualizar su nuevo correo: oscar.quiroz@yahoo.es.
UPDATE PERSONA
SET ESTPER = 'A'
WHERE DNIPER = '49985471';

UPDATE PERSONA
SET EMAPER = 'oscar.quiroz@yahoo.es' 
WHERE DNIPER= '49985471';

SELECT * FROM PERSONA WHERE DNIPER = '49985471';

--14 Agregar los datos de los siguientes clientes y vendedor.
--DATOS: PESONA
    INSERT INTO PERSONA (DNIPER,NOMPER,APEPER,EMAPER,CELPER,TIPPER,FECNACPER) 
        VALUES ('88225463','Gustavo Tadeo','Quispe Solorzano','gustavo.quispe@gmail.com','','V','13/10/2001');
    INSERT INTO PERSONA (DNIPER,NOMPER,APEPER,EMAPER,CELPER,TIPPER,FECNACPER) 
        VALUES ('15753595','Daniela','Solis Vargas','daniela.soliz@outlook.com','','C','09/11/1993');
    INSERT INTO PERSONA (DNIPER,NOMPER,APEPER,EMAPER,CELPER,TIPPER,FECNACPER) 
        VALUES ('76314895','Miltón Gregorio','Vásquez Iturrizaga','milton.gregorio@yahoo.eg','974815233','C','22/06/2004');
    INSERT INTO PERSONA (DNIPER,NOMPER,APEPER,EMAPER,CELPER,TIPPER,FECNACPER) 
        VALUES ('84725001','Verónica','Ancajima Araujo','veronica.ancajima@yahoo.com','','C','07/11/1980');
    INSERT INTO PERSONA (DNIPER,NOMPER,APEPER,EMAPER,CELPER,TIPPER,FECNACPER) 
        VALUES ('11228514','Felicita','Marroquin Candela','felicita.marroquin@outlook.com','966001472','C','06/06/2006');
    INSERT INTO PERSONA (DNIPER,NOMPER,APEPER,EMAPER,CELPER,TIPPER,FECNACPER) 
        VALUES ('51436952','Luhana','Ortiz Rodríguez','luhana.ortiz@outlook.com','960405017','V','25/11/1980');
    COMMIT;
SELECT * FROM PERSONA WHERE IDPER = '219' OR IDPER = '220' OR IDPER = '221' OR IDPER = '222' OR IDPER = '223' OR IDPER = '224';

--15 Actualizar el precio de la Maicena Universal 180 GR a S/. 3.50 
UPDATE  PRODUCTO
SET PREPRO = '3,5'
WHERE CODPROD = 'P31';

--16 Actualizar producto Detergente Opal por Detergente Opal 1/2Kg. 

UPDATE  PRODUCTO
SET NOMPROD = 'Detergente Opal 1/2Kg'
WHERE CODPROD = 'P05';

--17 Eliminar fIsicamente los productos: apanado de pollo y sopa de carne.
delete FROM producto
WHERE CODPROD = 'P36';

delete FROM producto
WHERE CODPROD = 'P37';

--18 Eliminar fIsicamente los productos de c?digo P13, P16 y P19.
delete FROM producto
WHERE CODPROD = 'P13';

delete FROM producto
WHERE CODPROD = 'P16';

delete FROM producto
WHERE CODPROD = 'P19';
--19 Eliminar fIsicamente todos los productos cuyo precio sea menor e igual a 10.
SELECT * FROM PRODUCTO WHERE PREPRO <= 10;

--20 Eliminar fIsicamente la categor?a Electrodomesticos.
delete FROM CATEGORIA
WHERE IDCAT = 205;

--Listar tabla categoria
select * from CATEGORIA;  
